scenario,original_rmse_deg,new_rmse_deg,change_percent,new_command_cap_fraction,new_envelope_fraction,new_first_fault
rated3_base_3hz10,0.08821321938125244,0.07363659134295818,-16.524312501616023,0.11072231942014496,0.0,
rated3_1hz5,0.055036903813273225,0.05442316835408708,-1.1151344219296866,0.0,0.0,
rated3_2hz10,0.05992537754825648,0.05624116033077892,-6.148008353407109,0.0,0.0,
rated3_3hz20,15.28018189007873,15.280011221619448,-0.0011169268828714607,0.9612596850787303,0.0,
peak7_3hz20,0.1126454241830805,0.08462249101583352,-24.877116288098687,0.0,0.0,
inertia_x0.5,0.2903750426322956,0.29198013274290036,0.5527644855612968,0.0,0.0,
inertia_x0.75,0.1321487190335012,0.1425121825657583,7.842273166211955,0.0,0.0,
inertia_x1.25,0.7178889715569775,0.6742797754659097,-6.074643547801973,0.3744063984003999,0.0,
inertia_x1.5,7.937193510952895,7.917360217374257,-0.24987791404189608,0.9257685578605349,0.0,
damping_x0.5,0.15098420950223967,0.14542100658531673,-3.6846256540757127,0.0007498125468632841,0.0,
damping_x1.5,0.34794653452136703,0.3237296764217012,-6.959936569846392,0.21219695076230943,0.0,
damping_x2,0.8193163330670985,0.7908719936229534,-3.4717163928203676,0.3301674581354661,0.0,
ideal_measurement,0.08657370321725766,0.07163101187879192,-17.260081044433186,0.1089727568107973,0.0,
noise_std_x3,0.09288245163511373,0.07734003130323279,-16.7334303286254,0.10747313171707074,0.0,
command_delay_0ms,0.08758029678648804,0.0723813326127765,-17.35431910075058,0.10597350662334416,0.0,
command_delay_3ms,0.09488138587415633,0.08016997499878994,-15.505054800610218,0.11272181954511372,0.0,
command_delay_5ms,0.10808363981397892,0.09407466223370098,-12.961237801010938,0.11647088227943014,0.0,
command_delay_10ms,0.1589615392493644,0.14951085395871835,-5.945265336051309,0.12221944513871533,0.0,
actuator_lag_5ms,0.1037758146616553,0.08885619239058018,-14.376781641963687,0.11747063234191452,0.0,
peak7_3hz20_no_speed_envelope,0.1126454241830805,0.08462249101583352,-24.877116288098687,0.0,0.0,
compound_2hz10,0.1827828317967625,0.16502227885372212,-9.716751167740123,0.0,0.0,
author_runtime_2hz10,0.25416497369267005,0.2323528767041497,-8.581865814010625,0.0034991252186953262,0.0,
author_runtime_3hz10,6.54897145465857,6.545380865356504,-0.0548267667209279,0.9097725568607848,0.0,
author_candidate_3hz10,0.18978603050402912,0.16582343642750935,-12.626110579835881,0.17620594851287177,0.0,
peak7_4hz20_speed_envelope,10.73581827609088,10.751898605422006,0.14978205589544213,0.8947763059235191,0.628,
peak7_4hz20_no_speed_envelope,9.661521724541823,9.600093497970182,-0.6358028095678092,0.886278430392402,0.0,
